id,property_id,by_user,image_name,file_location,created_at,updated_at
1,28,16,teruldalha.png,http://andleti.no/ourarthi/ouforion/but/eveerera.bmp,"2020-01-01 00:00:55",NULL
2,32,7,ourtha.gif,https://rikofu.andalareea.de/ourousho/veerentne.bmp,"2020-08-27 13:36:22",NULL
3,27,4,uldnot596.jpg,http://henstedhin.tw/at/thiourthe/hateaeve/notarbutent.png,"2021-05-10 23:01:08",NULL
4,31,8,eveherintio055.bmp,https://fofade.tiitleal.com/tiwatio/thehiuldle.gif,"2021-01-26 10:30:33",NULL
5,33,9,thiulderebut.gif,https://he.onereeve.org/in/tertedin.png,"2021-07-19 15:37:33","2021-08-26 10:14:42"
6,17,19,arverme020.bmp,http://no.omeveentthe.ch/and/witnder/ere/ereisour.png,"2020-03-13 15:13:40",NULL
7,23,17,eratha62.png,http://arehad.kr/tone/healerame.jpg,"2021-05-09 19:31:42",NULL
8,17,1,erall203.gif,http://roci.hatthathawa.ge/ng/witwanehis.jpg,"2020-01-01 00:00:08",NULL
9,21,3,allneathad79.gif,https://theallveent.gr/athat/tobut.bmp,"2020-01-20 00:53:27",NULL
10,32,20,hadre.png,http://eveith.tr/ereou/thialare/st/uldaller.gif,"2020-03-17 01:13:36","2020-04-05 10:50:14"
11,1,10,hadedntth498.gif,https://youyou.au/eathar/ithhiare/tioeve/aremeented.jpg,"2020-02-23 05:49:37",NULL
12,28,15,tioenfor.jpg,https://erha.za/teduld/he/hininandwas.png,"2021-07-09 16:15:45","2021-08-06 06:08:35"
13,35,18,erhi9.png,https://erahisthaat.it/seastio/ouneing/es/oulat.bmp,"2021-06-19 08:55:47",NULL
14,29,19,theseallha.png,http://yafaci.vethete.jp/tionome/thetoin/thi/hahat.jpg,"2020-03-16 22:49:02",NULL
15,39,7,alwitse031.gif,https://wu.ngfortedare.cn/ednt/erbuthat/tedforbutea.gif,"2020-01-01 00:08:59",NULL
16,40,7,nothised.jpg,https://retialoul.ae/ored/andaner/seted/withihinith.jpg,"2020-01-01 00:00:02",NULL
17,12,10,stbuthisat.jpg,https://ourme.ca/hinou/ververan/nd/forentforhat.png,"2020-05-25 21:29:33",NULL
18,22,5,alme437.jpg,http://washo.hu/esthant/leorha/th/oulngre.jpg,"2020-03-05 14:02:41",NULL
19,21,13,oundeder653.png,https://zajo.stndsehi.gr/ter/edenenome.gif,"2020-01-01 00:06:02","2020-01-25 20:13:18"
20,27,17,heresitnd.gif,http://entterhadera.ar/seare/versteaoul.png,"2021-04-03 04:41:33",NULL
21,37,8,eshis818.jpg,http://astethe.ch/oul/erahiver/anited.png,"2020-04-03 19:48:40",NULL
22,24,5,eraallhese2.png,https://ro.haerehinith.cy/verbutfor/nehiedthi.png,"2021-03-30 04:37:26",NULL
23,26,18,sesho050.jpg,http://vosefa.thahitiong.org/ourndwa/thaarethaoul.bmp,"2020-01-01 00:00:10",NULL
24,24,16,sethaonthe043.png,https://vuweti.nothenher.cy/her/thathver/setohitio.jpg,"2020-01-01 00:40:25",NULL
25,4,17,arstlehad.png,https://necelu.atvehad.no/lewasent/eshenin/thiat.bmp,"2020-04-28 12:44:24","2020-05-20 23:41:29"
26,14,7,ourouuldera.png,http://enithoulat.dk/tiohebut/waingar/herwantre.bmp,"2020-05-09 06:20:29",NULL
27,31,9,uldtha.png,https://kiga.thhadasing.tr/is/easho/nd/hias.bmp,"2020-04-21 19:16:04",NULL
28,16,7,thethehades258.bmp,https://loqovo.wabut.hk/thieve/leerter.png,"2021-04-20 21:33:23",NULL
29,21,20,alnothier.jpg,http://ingto.es/hiwahad/at/enere/isere.png,"2021-04-30 11:05:02","2021-05-25 01:24:02"
30,11,18,vehenis.jpg,http://gikoli.noteatiand.hu/ionalsho/ter/ereanar/hadtedth.gif,"2021-01-12 20:13:46","2021-01-31 09:45:27"
31,23,13,buthisngar48.gif,https://yououl.ar/wasar/andtioeve/toereeveeve.png,"2020-01-01 00:00:24",NULL
32,32,5,hito9.gif,https://ndaresthi.kr/nging/onarethng.bmp,"2020-01-01 00:01:34","2020-01-30 01:16:02"
33,9,10,theforherwa710.jpg,http://nothadorare.at/asto/ionesea/edhaome/ngoul.jpg,"2020-01-01 00:00:04",NULL
34,10,4,meeninoul6.bmp,http://jegifu.isndentted.hk/leometo/andenting/tehad/thest.bmp,"2020-01-01 00:11:09",NULL
35,10,7,anntome.jpg,http://pevojo.theentourat.no/re/tedent/henthe/butentshoha.gif,"2020-01-01 02:46:03",NULL
36,18,15,neshoth.png,https://waeveneere.nl/edomeome/iontehad/aleraou.gif,"2020-01-01 00:04:22",NULL
37,6,2,witeve397.png,https://magiqe.asaswas.se/eraenttio/eshaome/thaonat/enwitre.gif,"2020-08-23 19:19:18",NULL
38,24,1,andonareha0.gif,https://metheater.cy/youto/letothe/or/alwasforit.jpg,"2020-01-01 00:00:02",NULL
39,27,18,andleare.bmp,http://mizipi.initndare.us/ted/steangtio.bmp,"2020-01-01 01:02:47",NULL
40,16,8,thetomeal.png,http://siyiqu.erveed.fr/allthe/henevees/theareas/eveheninto.png,"2020-08-18 04:23:25",NULL
